{"cameraMode":{"drawMode":0,"name":"Shaded","section":"Shading Mode"},"sceneLighting":true,"audioPlay":false,"sceneViewState":{"showFog":true,"showMaterialUpdate":false,"showSkybox":true,"showFlares":true,"showImageEffects":true,"showParticleSystems":true},"in2DMode":false,"pivot":{"x":-16.645652770996095,"y":-14.488122940063477,"z":29.955028533935548},"rotation":{"x":-0.23799972236156465,"y":0.3687479496002197,"z":-0.09827186912298203,"w":-0.8932056427001953},"size":26.35157585144043,"orthographic":false}